ra,dec,ks_flux_aper2,ks_fluxerr_aper2,splash_1_flux,splash_1_flux_err,splash_2_flux,splash_2_flux_err,splash_3_flux,splash_3_flux_err,splash_4_flux,splash_4_flux_err,photoz,type,dist,angle
149.965822,2.531597,214.326,0.206,125.964,1.339,86.027,0.624,53.593,6.518,32.064,2.752,null,1,20.980209,139.071517
149.959803,2.545853,200.022,0.202,229.210,0.663,213.566,0.649,133.877,8.212,475.394,11.109,0.250,0,36.338671,347.444316
149.964342,2.524065,39.683,0.201,101.392,0.391,84.348,0.305,56.682,5.627,46.565,2.546,1.013,0,43.783967,168.908324
149.974577,2.535126,179.502,0.202,178.545,0.980,159.020,0.583,93.677,8.478,431.941,10.508,0.227,0,45.342368,93.978393
149.964045,2.549669,554.188,0.215,265.029,4.806,167.963,1.731,122.502,9.193,60.417,4.516,null,0,49.755392,8.501218
149.965258,2.521661,45.945,0.203,85.807,0.603,76.941,0.338,49.733,3.790,38.408,3.926,1.191,0,52.932381,167.211382
149.958566,2.520407,38.610,0.201,68.976,0.488,49.192,0.357,45.426,6.326,30.126,3.677,0.660,0,57.477556,192.407840
149.944833,2.536300,60.410,0.203,99.115,0.492,62.569,0.257,38.939,3.529,22.236,2.692,0.727,0,61.749006,271.002359
149.970093,2.520146,160.973,0.211,80.449,1.097,53.301,0.444,37.375,5.174,20.499,2.646,null,1,64.065960,152.979508
149.945399,2.527761,41.316,0.204,62.590,0.351,42.638,0.290,35.618,5.238,27.500,4.151,0.670,0,66.666837,243.584102
149.980752,2.546271,31.679,0.206,51.988,0.526,39.503,0.329,20.314,4.780,15.114,2.253,1.007,0,76.910388,61.265636
149.952569,2.516315,53.954,0.207,89.065,0.345,61.803,0.219,53.855,2.926,51.523,3.512,null,0,78.564783,205.576959
149.959293,2.558123,37.854,0.212,63.376,0.270,42.345,0.211,25.898,4.753,21.329,2.480,0.675,0,80.234723,353.031039
149.952386,2.515472,256.060,0.210,198.201,1.074,135.489,0.597,94.103,9.136,128.768,6.915,null,0,81.590946,205.074496
149.955030,2.514269,20.237,0.213,50.416,0.394,43.352,0.296,23.601,3.803,21.058,2.811,0.976,0,82.148871,197.768457
149.980267,2.550170,165.897,0.218,86.205,1.106,55.065,0.696,31.183,4.722,22.275,3.808,null,0,83.176431,52.170975
149.974668,2.555484,81.039,0.213,190.350,0.531,128.379,0.490,111.560,7.458,52.987,4.213,0.750,0,83.641470,33.004617
149.943428,2.550683,445.259,0.222,217.292,3.075,139.562,1.048,83.030,8.298,51.792,4.395,null,1,85.177457,308.356983
149.944921,2.518927,2810.540,0.209,1422.388,25.984,922.085,14.476,566.092,24.347,344.131,16.587,null,0,86.895242,224.982898
149.943434,2.519862,332.001,0.214,220.615,2.482,149.050,1.678,101.642,10.582,53.156,5.466,null,1,88.509203,228.974451
149.940991,2.521504,107.014,0.215,57.596,0.753,39.128,0.388,37.271,7.023,15.213,3.110,null,1,91.830046,235.368812
149.969602,2.510211,98.886,0.224,56.636,0.606,40.777,0.265,29.287,5.277,10.006,3.698,null,1,96.782729,163.591066
149.988720,2.539425,580.301,0.214,277.956,3.532,183.824,1.719,112.527,10.338,72.840,4.222,null,0,96.886437,82.688176
149.980122,2.556184,86.493,0.212,171.461,0.851,107.734,0.460,96.030,6.508,35.689,3.212,0.737,0,97.610628,41.889743
149.936829,2.525519,53.354,0.206,85.918,0.303,54.474,0.238,30.345,3.529,22.121,3.773,0.722,0,98.074884,247.374048
149.947808,2.559339,31.530,0.216,59.645,0.282,43.747,0.234,43.716,5.244,30.662,2.079,0.611,0,98.310129,328.721857
149.989375,2.532471,3148.232,0.215,2074.090,33.721,1436.002,24.562,981.889,21.765,566.295,28.142,null,0,99.270788,97.352085
149.987538,2.549532,27.705,0.211,80.470,0.373,63.646,0.431,51.541,6.758,42.731,3.095,null,0,103.963691,62.058188
149.942992,2.514063,139.732,0.227,67.194,0.737,43.352,0.470,28.558,6.518,12.827,4.874,null,0,104.452870,220.881717
149.972250,2.563252,139.785,0.220,80.313,1.248,55.080,0.518,29.581,5.520,13.185,2.936,null,1,104.802573,20.592930
149.983549,2.516247,161.453,0.223,99.833,1.377,70.639,0.729,39.161,5.426,28.282,2.474,null,1,105.181009,132.536857
149.954569,2.507740,103.167,0.228,79.503,0.779,58.155,0.555,38.717,4.256,26.593,4.904,null,1,105.186936,194.718566
149.973159,2.508878,103.864,0.217,78.852,0.304,63.395,0.287,39.603,5.046,22.836,2.674,0.260,0,105.565521,157.655625
149.970663,2.564247,101.248,0.212,75.450,0.364,63.413,0.289,35.154,3.247,29.680,3.688,0.281,0,106.353970,17.034152
149.985569,2.554293,45.274,0.213,82.481,0.468,57.389,0.284,58.343,5.405,39.491,1.893,0.730,0,107.339180,52.154666
149.967130,2.565790,206.434,0.215,210.792,0.891,176.332,0.548,104.558,7.383,57.719,5.019,0.310,0,108.819190,9.761704
149.933692,2.550437,82.464,0.215,85.868,0.416,70.052,0.274,45.012,6.199,38.643,5.735,0.430,0,114.307033,297.045029
149.962251,2.567755,45.531,0.213,81.915,0.338,53.881,0.215,41.354,4.148,25.002,3.208,0.698,0,114.322488,0.453227
149.993046,2.544348,29.400,0.208,75.868,0.388,67.153,0.351,46.229,5.411,33.846,2.952,null,0,115.629637,74.935705
149.929687,2.532707,112.625,0.206,184.978,0.723,109.415,0.300,86.130,6.153,44.650,4.104,0.740,0,116.817036,264.176722
149.929142,2.542229,46.293,0.205,60.447,0.334,38.974,0.291,22.797,2.429,13.014,3.725,0.693,0,120.282322,280.745266
149.928008,2.535074,67.905,0.204,101.505,0.729,72.716,0.481,68.477,5.997,82.971,6.191,null,2,122.295305,268.439344
149.934564,2.556072,50.009,0.216,109.173,0.374,72.457,0.237,63.583,5.481,33.612,4.189,0.726,0,122.301954,306.215666
149.966130,2.501363,62.585,0.218,83.710,0.356,62.979,0.314,49.669,4.603,33.710,5.681,0.487,0,125.575876,173.206529
149.954755,2.501535,53.565,0.225,91.281,0.702,58.273,0.298,45.965,5.383,30.633,3.612,0.685,0,126.780218,191.860293
149.927199,2.546677,513.954,0.217,272.780,3.405,179.789,1.773,130.102,8.973,72.103,6.464,null,0,130.928448,287.072781
149.925804,2.531604,69.042,0.206,102.610,0.406,65.049,0.272,51.203,6.379,22.634,5.068,0.720,0,131.136135,263.069994
149.933012,2.558963,61.469,0.217,183.585,1.041,147.008,1.046,115.064,5.289,91.254,7.266,0.855,0,133.050026,308.413226
149.926050,2.526277,40.799,0.206,75.293,0.457,55.314,0.216,50.648,5.807,51.256,5.294,null,2,133.946754,254.853185
149.973985,2.571522,143.831,0.213,101.123,0.737,91.087,0.468,48.610,6.071,109.429,5.567,0.310,0,134.948799,18.626092
149.985976,2.564901,66.248,0.213,102.811,0.446,61.041,0.210,48.776,1.963,24.832,2.486,0.709,0,135.130112,39.649801
149.924393,2.539329,51.145,0.202,72.596,0.388,50.926,0.282,44.170,3.395,23.086,3.400,0.602,0,135.780808,275.064476
149.924055,2.538417,48.931,0.202,53.294,0.317,34.451,0.170,19.107,3.197,12.338,3.442,0.542,0,136.745775,273.648490
149.938388,2.505937,37.590,0.226,88.304,0.427,65.258,0.554,42.141,7.436,39.441,6.121,null,2,137.566607,218.119898
149.923417,2.524993,74.676,0.203,186.716,0.717,119.390,0.538,104.247,7.582,36.316,5.296,0.741,0,144.310403,254.063591
150.002165,2.543851,73.380,0.211,155.164,2.094,142.301,2.108,182.715,22.170,212.821,14.500,null,0,147.190680,78.929060
150.003113,2.528127,28.948,0.221,66.742,0.413,49.907,0.265,32.040,4.856,18.419,2.662,0.780,0,150.554273,100.850813
149.920459,2.529395,1728.286,0.207,839.518,17.073,563.739,13.403,365.636,16.254,194.237,12.597,null,0,151.282704,260.957946
149.921354,2.523857,34.473,0.202,59.235,0.281,38.957,0.247,36.455,4.688,15.230,4.045,0.720,0,152.580497,253.352866
149.919880,2.541229,27.889,0.200,64.086,0.314,58.310,0.274,25.288,3.278,22.312,4.162,1.345,0,152.649379,277.085018
150.000562,2.554250,19.117,0.213,63.866,0.558,71.194,0.514,85.524,10.474,49.579,5.406,null,0,153.460428,64.651127
149.920625,2.525354,35.002,0.202,57.912,0.204,37.577,0.188,21.743,4.001,13.611,4.635,0.717,0,153.661348,255.558191
150.003000,2.548970,35.071,0.214,153.129,5.421,152.789,4.209,114.514,12.735,118.549,10.329,null,0,154.669375,72.428698
149.919974,2.526256,60.558,0.204,151.190,0.607,119.687,0.633,94.881,6.633,65.277,6.489,0.718,0,155.164034,256.934602
149.926181,2.560417,37.937,0.217,61.366,0.450,40.710,0.157,33.435,2.672,35.198,5.664,null,2,155.954115,304.308534
149.919064,2.528121,28.654,0.202,62.245,3.067,45.031,2.036,40.884,5.731,31.066,3.499,null,0,157.003033,259.592880
149.975249,2.577993,359.476,0.214,333.017,1.415,268.206,0.834,141.905,8.347,92.122,8.544,0.247,0,158.507201,17.494623
149.983259,2.496708,128.313,0.218,111.964,0.479,93.207,0.381,52.888,6.329,29.221,3.143,0.370,0,160.791722,151.606843
150.000823,2.558621,312.904,0.221,174.732,1.519,120.862,0.634,92.487,7.853,44.818,3.888,null,0,161.636612,59.746780
149.918726,2.548216,140.680,0.210,141.448,0.462,111.359,0.587,93.966,6.208,47.430,4.245,0.450,0,161.728744,285.779771
149.968669,2.580962,57.926,0.214,112.296,0.468,83.408,0.478,64.005,6.906,49.991,2.786,0.870,0,163.629301,8.428129
149.944882,2.493535,28.424,0.226,53.524,0.210,43.928,0.334,30.592,3.523,42.461,4.410,null,2,164.803945,201.936285
149.916176,2.538123,40.117,0.202,54.577,0.507,33.605,0.231,23.955,5.378,10.343,2.615,0.705,0,164.981517,272.656437
149.986369,2.574897,130.949,0.214,114.860,0.441,100.981,0.368,58.898,5.050,57.568,5.824,0.318,0,165.193190,32.041407
149.918315,2.550625,111.680,0.219,70.213,0.857,50.534,0.300,32.034,3.573,13.421,5.190,null,1,165.698081,288.527310
149.999439,2.508771,29.826,0.228,55.685,0.309,39.905,0.245,17.768,5.712,14.873,3.706,0.936,0,166.551781,126.054265
150.005837,2.553465,4.035,0.214,135.416,6.385,119.476,4.372,156.791,19.178,60.456,11.431,null,0,169.733274,68.256921
149.968675,2.583241,115.313,0.214,136.700,0.353,144.464,0.431,90.575,6.735,386.239,11.797,0.351,0,171.752000,8.034659
149.938305,2.577557,503.493,0.219,786.345,2.849,587.628,1.648,347.682,16.145,862.418,17.532,null,2,172.172920,330.334322
149.914553,2.542424,35.459,0.201,89.684,0.496,65.143,0.248,63.881,5.635,52.918,6.177,0.746,0,172.202920,277.719275
149.933055,2.497894,44.948,0.230,61.977,0.269,38.925,0.262,31.018,3.970,10.787,3.603,0.730,0,172.209478,217.194206
149.987730,2.495567,90.190,0.217,70.074,0.459,57.104,0.347,34.287,6.661,22.259,3.662,0.380,0,172.484042,147.553796
150.009405,2.526681,34.416,0.222,71.510,3.201,49.718,1.771,41.590,7.816,26.963,2.420,0.718,0,173.760883,101.131141
149.915715,2.521317,94.343,0.205,154.411,0.655,100.072,0.433,73.984,7.420,37.519,5.538,null,2,174.655114,252.384864
149.999731,2.505266,142.706,0.235,94.879,1.185,65.366,0.490,36.842,5.831,24.304,3.761,null,1,175.089265,129.190653
149.992211,2.574331,49.004,0.213,55.758,0.280,36.426,0.228,30.160,4.880,13.718,3.175,0.671,0,175.633630,38.214994
150.008895,2.549773,160.511,0.185,300.665,88.795,null,null,355.972,185.123,-14.553,142.923,null,0,175.792482,73.615994
149.935735,2.577658,809.424,0.222,396.134,6.602,250.923,1.650,156.076,8.453,103.637,7.739,null,0,177.237016,327.795198
149.938614,2.579355,23.384,0.219,52.239,0.266,35.047,0.217,16.019,2.828,31.220,3.745,null,0,177.298358,331.681676
149.993245,2.574380,53.094,0.214,76.849,0.295,47.936,0.273,30.623,5.396,18.687,2.770,0.713,0,178.093236,39.120154
150.009842,2.548848,118.768,0.159,1109.352,104.708,null,null,-102.035,102.876,278.013,68.391,null,0,178.170709,74.953283
149.982459,2.581186,57.424,0.214,87.902,0.392,54.241,0.290,36.031,3.292,14.512,2.285,0.692,0,178.537506,24.338114
149.920028,2.509226,40.928,0.224,63.613,0.468,37.756,0.264,23.656,5.904,13.943,3.176,0.719,0,179.101884,237.441553
150.009839,2.549851,12024.359,1.232,7539.196,540.548,11802.577,484.848,9097.474,669.463,7440.692,411.939,null,0,179.131804,73.836089
150.009815,2.550780,112.299,0.147,127.640,69.869,null,null,-9.652,93.569,138.143,74.709,null,0,180.009603,72.806003
150.010736,2.549873,110.244,0.136,273.859,57.567,null,null,null,null,null,null,null,0,182.255238,74.094508
150.011461,2.524289,2057.908,0.227,1253.474,23.694,855.604,11.750,603.692,30.837,339.605,12.975,null,0,182.812603,103.332227
149.989901,2.578491,44.877,0.215,65.645,0.320,42.037,0.176,38.398,4.114,13.401,2.595,0.718,0,182.941405,33.263570
149.951758,2.486218,26.708,0.225,53.965,0.314,43.779,0.196,32.357,2.913,24.560,3.333,1.005,0,182.963250,191.614951
149.926833,2.498904,78.497,0.228,147.283,0.619,94.895,0.495,65.148,5.709,28.285,3.560,0.741,0,183.933817,223.443636
149.913978,2.555063,106.994,0.216,80.600,0.627,68.787,0.335,31.061,4.593,60.276,7.267,0.258,0,185.844381,291.672224
149.959325,2.587739,173.318,0.223,79.923,0.584,51.590,0.555,34.538,5.533,16.566,4.018,null,0,186.507335,357.042983
149.944584,2.486686,48.787,0.229,73.135,0.665,47.594,0.339,32.492,3.523,19.208,3.557,null,2,188.256492,199.434186
149.990403,2.492037,31.733,0.216,74.733,0.263,54.160,0.245,36.369,5.411,27.331,3.037,0.742,0,188.368893,147.159522
149.919757,2.567328,33.951,0.215,60.320,0.273,42.806,0.296,26.779,4.643,11.265,4.002,0.908,0,189.208717,306.589145
150.011109,2.555197,18.190,0.215,91.808,4.141,79.232,3.475,132.631,11.762,40.137,7.187,null,0,189.657150,68.628999
150.004043,2.567860,33.444,0.214,78.686,0.245,77.153,0.236,56.843,3.779,41.184,3.909,1.227,0,189.786368,52.816865
150.013780,2.546252,3.216,0.212,63.804,5.204,50.047,3.986,57.484,10.964,22.217,6.406,null,0,189.847931,78.789350
149.925680,2.574278,685.823,0.224,512.461,9.517,323.090,3.339,220.731,10.130,143.236,8.616,null,1,189.873333,316.532616
149.996940,2.496181,131.408,0.218,101.747,0.856,85.560,0.424,33.767,5.348,28.117,3.685,0.340,0,190.630027,138.760049
149.945217,2.485664,94.918,0.228,178.429,0.652,112.790,0.530,81.074,5.476,34.987,4.684,0.730,0,190.998862,198.423326
149.992709,2.492624,67.409,0.217,51.764,0.200,43.513,0.176,18.536,3.998,13.375,2.420,0.380,0,191.263666,144.727548
150.004939,2.503607,169.817,0.232,210.684,0.517,183.501,0.484,103.487,6.561,130.431,5.279,0.340,0,193.513883,127.056991
149.951219,2.483060,66.999,0.227,117.362,0.527,78.786,0.376,58.662,6.431,34.142,6.677,0.720,0,194.487106,191.499910
149.908177,2.530630,39.905,0.203,60.036,0.367,40.490,0.228,32.533,4.996,23.475,4.617,0.700,0,194.535683,264.298492
150.014920,2.547534,10.805,0.213,61.900,2.952,58.280,3.190,112.893,11.843,44.283,5.939,null,0,194.802924,77.691739
149.913209,2.512200,99.421,0.220,180.547,0.610,112.072,0.532,83.790,6.342,42.986,6.609,0.718,0,195.276569,243.976006
150.013057,2.554919,368.548,0.223,204.640,4.430,135.442,3.449,213.156,12.907,85.505,8.928,null,0,195.848146,69.647889
149.923418,2.497457,86.206,0.227,158.129,1.247,107.889,0.550,79.850,5.152,39.160,5.038,0.749,0,196.232551,225.002062
149.910655,2.554647,95.617,0.216,169.043,1.230,153.158,1.063,139.276,3.888,161.589,8.803,null,2,196.482730,289.978830
149.909272,2.521301,44.689,0.204,56.429,0.447,35.760,0.227,30.227,3.532,10.322,5.146,0.712,0,196.881029,254.409485
149.910121,2.553854,44.703,0.215,66.981,0.579,42.804,0.319,27.167,4.257,19.712,4.858,null,0,197.340571,289.009560
149.992547,2.581776,37.855,0.214,50.127,0.363,32.228,0.161,22.462,3.746,2.975,2.061,0.671,0,198.056276,33.688873
149.920643,2.499640,42.860,0.225,54.647,0.384,37.895,0.267,31.893,3.757,39.839,4.152,0.691,0,198.136348,228.652820
149.986591,2.585614,681.807,0.218,366.792,6.276,239.419,2.712,158.806,7.183,87.677,6.659,null,0,199.307285,26.341306
149.915056,2.506351,48.449,0.227,84.207,0.351,57.543,0.255,47.055,3.912,38.868,5.010,0.704,0,199.743214,237.700517
149.987756,2.585249,102.111,0.214,177.051,1.856,111.945,0.935,87.218,6.047,56.424,6.401,null,2,200.034670,27.584239
149.937738,2.586228,52.258,0.218,88.727,0.306,64.968,0.268,43.782,6.618,152.843,8.305,0.080,0,200.771696,334.240545
149.909328,2.556518,55.139,0.216,72.113,0.452,45.839,0.233,33.650,5.449,13.883,4.861,0.696,0,203.324544,291.302880
149.910066,2.558442,36.473,0.215,56.065,0.335,38.871,0.158,25.460,4.647,7.734,5.279,0.688,0,203.503001,293.391554
149.906453,2.552623,88.056,0.220,54.786,0.746,40.425,0.408,18.859,5.403,11.794,4.493,null,1,208.541803,286.676875
149.948527,2.479648,198.844,0.229,235.120,0.713,212.580,1.093,125.909,8.177,464.948,15.839,0.250,0,208.572890,193.434305
150.011347,2.566652,1416.909,0.220,716.542,4.411,465.294,4.427,288.729,11.739,171.265,10.317,null,0,208.980964,58.126321
149.982168,2.481230,57.881,0.217,95.827,0.340,68.848,0.266,54.516,5.436,37.415,3.915,0.850,0,210.090016,159.802057
149.989043,2.587762,84.009,0.214,115.130,0.477,74.352,0.449,59.254,4.917,26.683,3.970,0.670,0,210.196092,27.560639
149.937586,2.589270,76.584,0.219,73.329,0.251,75.793,0.498,61.149,5.412,294.853,12.154,0.243,0,210.916408,335.399678
150.010558,2.568973,22.309,0.215,81.808,0.359,57.978,0.360,41.781,4.114,27.782,3.829,0.788,0,211.158155,55.793683
149.903561,2.544478,28.937,0.202,50.644,0.254,36.454,0.186,38.452,2.987,36.827,4.555,0.724,0,212.377524,278.263867
149.909090,2.509779,44.843,0.226,56.976,0.354,37.821,0.205,28.788,4.480,8.773,6.126,0.712,0,212.416241,243.616949
150.018265,2.554665,78.379,0.218,65.262,0.450,57.768,0.489,53.545,8.897,30.018,5.009,null,0,213.217731,71.629741
149.964100,2.595403,42.440,0.215,56.149,0.329,37.172,0.208,26.185,3.429,12.029,3.084,0.689,0,213.985942,2.022842
149.913043,2.501910,48.825,0.226,70.725,0.352,44.477,0.208,29.258,4.811,17.904,5.214,0.691,0,214.624209,235.125176
149.971580,2.594982,73.746,0.215,52.112,0.329,41.714,0.195,23.864,3.331,12.557,4.040,0.242,0,215.110563,9.215961
149.983267,2.479718,37.662,0.215,65.654,0.191,45.883,0.203,39.648,6.482,26.746,4.021,0.702,0,216.571006,159.317905
150.021869,2.546210,2660.779,0.212,1600.559,15.326,1111.814,16.983,817.357,20.314,433.929,22.696,null,0,218.430656,80.310793
149.913714,2.572963,229.174,0.223,133.256,1.444,96.497,0.731,59.719,6.084,35.053,4.977,null,1,218.776117,307.462862
149.909825,2.504579,56.458,0.226,104.880,0.507,65.188,0.386,37.613,6.035,20.072,5.550,0.719,0,219.103190,238.919491
150.023049,2.531646,181.529,0.202,96.668,0.848,64.582,0.407,39.450,6.085,21.536,1.564,null,0,220.121756,94.082339
149.906427,2.510162,26.503,0.222,58.715,0.336,48.811,0.258,30.072,3.197,27.631,3.874,0.924,0,220.453930,245.044199
149.900614,2.529260,53.775,0.202,75.797,0.395,50.613,0.269,45.327,4.592,21.417,4.146,0.790,0,222.103022,263.729684
149.990136,2.480856,76.117,0.216,69.363,0.388,60.350,0.249,42.581,6.642,59.282,6.446,0.340,0,222.821612,152.989480
150.004630,2.581995,1017.288,0.218,525.942,7.243,335.880,4.678,223.181,9.791,116.829,6.006,null,0,225.661829,42.795812
150.022111,2.517785,41.939,0.212,65.974,0.516,41.538,0.233,32.193,3.552,17.406,2.932,0.753,0,225.915540,106.872501
150.022402,2.516541,62.852,0.208,117.131,0.818,85.521,0.331,68.135,5.261,59.163,3.473,null,2,228.253109,107.872007
149.998602,2.587953,27.280,0.215,72.053,0.303,86.784,0.359,76.910,3.357,70.915,4.142,1.447,0,228.710062,35.137985
149.926302,2.588597,144.781,0.226,88.659,1.310,64.085,0.798,45.283,4.064,25.789,6.141,null,1,228.770885,325.862027
150.022192,2.515380,71.433,0.214,117.852,0.676,73.486,0.353,49.405,4.040,29.403,2.726,0.729,0,228.855973,108.926023
149.910140,2.573339,166.231,0.217,134.620,0.593,113.045,0.438,63.147,6.471,56.183,4.822,0.259,0,229.902056,305.781659
149.996815,2.589573,47.079,0.214,59.486,0.314,45.791,0.247,29.294,3.768,11.934,3.163,0.531,0,229.940130,32.991364
150.018508,2.505909,56.510,0.231,75.468,0.374,73.830,0.244,36.442,4.796,127.690,5.764,0.341,0,230.300299,118.057780
150.016186,2.501768,59.095,0.229,76.965,0.297,66.780,0.207,27.337,4.613,162.082,5.774,0.217,0,230.576611,122.306049
149.942379,2.597261,28.827,0.219,53.079,0.415,37.111,0.284,22.293,4.197,10.816,5.109,0.913,0,231.552135,342.257529
149.908590,2.572627,43.537,0.216,88.011,0.449,69.302,0.264,57.943,4.577,43.743,5.982,null,2,232.986642,304.469507
150.001488,2.484491,42.028,0.219,79.690,0.407,62.607,0.269,47.473,4.160,49.847,2.353,0.930,0,233.570048,142.551558
149.905348,2.568256,61.896,0.217,51.183,0.482,35.147,0.291,21.484,5.589,1.849,3.160,null,1,234.512530,299.681805
149.896781,2.539061,213.957,0.213,135.204,1.552,97.096,0.833,52.510,5.951,27.880,4.890,null,1,234.818673,272.691339
150.025589,2.521056,23.046,0.162,50.769,0.386,44.042,0.238,27.968,3.903,31.379,3.113,1.020,0,234.939849,103.236203
149.928425,2.592066,655.747,0.219,714.062,2.460,483.556,1.392,332.461,12.934,350.513,13.679,null,0,235.200016,329.111236
149.933384,2.477098,50.416,0.224,104.620,0.309,70.394,0.284,64.968,5.163,37.975,6.503,0.683,0,235.702707,205.890818
150.027605,2.538726,9102.767,0.145,5010.045,79.336,3763.569,69.991,2546.734,86.492,1445.344,70.557,null,0,236.149290,87.616587
149.997867,2.480860,22.133,0.217,52.080,0.235,58.427,0.225,44.166,4.274,32.920,2.801,1.411,0,236.735261,146.981639
149.996672,2.592415,227.757,0.217,150.220,0.704,118.804,0.468,68.839,3.714,42.397,3.631,null,0,238.319895,31.548004
149.945235,2.600118,69.896,0.218,64.716,0.390,58.463,0.217,41.979,4.539,79.331,7.594,0.330,0,238.569389,345.361167
150.008123,2.488076,1570.075,0.233,741.835,12.997,481.025,5.679,324.526,14.065,172.065,9.063,null,0,239.338325,136.123528
149.998208,2.591984,78.189,0.215,125.267,0.588,78.963,0.292,61.094,3.258,28.711,3.389,null,0,239.949353,32.866008
150.022653,2.508021,82.479,0.210,136.029,1.061,88.881,0.287,64.955,5.998,36.589,3.653,0.720,0,240.272243,114.783609
149.899454,2.511845,1931.323,0.225,1029.104,13.124,772.715,12.486,566.038,17.882,455.281,19.852,null,2,241.168874,248.866588
149.942993,2.600633,163.751,0.220,149.707,0.658,124.428,0.552,80.802,7.130,29.967,5.091,0.340,0,242.512885,343.628799
150.027919,2.552012,97.315,0.144,219.026,0.779,168.935,0.736,157.341,7.219,100.180,4.919,0.730,0,243.982016,76.332919
150.029980,2.533089,58.315,0.128,99.038,0.855,61.483,0.407,53.067,9.942,24.205,3.880,0.691,0,244.711301,92.452603
149.978079,2.469565,22.912,0.216,53.349,0.224,37.672,0.265,33.064,3.464,19.121,7.404,0.689,0,246.057758,166.406280
149.938608,2.600473,149.225,0.227,69.668,0.558,44.327,0.525,33.389,4.192,13.074,2.824,null,0,246.879813,340.077103
150.029460,2.550141,128.575,0.133,89.650,0.301,73.084,0.616,53.892,5.517,32.665,2.389,null,0,247.899705,78.148076
149.903094,2.572361,27.647,0.217,65.286,3.224,56.908,2.370,9.276,8.720,32.019,9.247,0.265,0,249.029017,301.712616
149.904796,2.575153,1149.641,0.222,634.597,8.151,432.468,5.120,281.685,7.816,159.370,10.203,null,0,249.383857,304.417473
150.031202,2.527774,156.922,0.133,91.465,0.808,65.900,0.598,44.637,5.686,22.960,1.667,null,1,250.640640,96.784208
150.026803,2.562017,54.665,0.153,76.662,0.493,56.646,0.466,52.016,4.046,42.513,3.486,null,2,251.175145,68.104149
149.894349,2.518520,38.662,0.206,55.188,2.135,34.700,0.969,44.220,5.920,9.024,6.852,0.711,0,251.312504,255.500091
150.014881,2.582665,53.960,0.216,110.680,0.525,80.488,0.346,82.395,5.105,59.704,5.444,0.591,0,253.754587,48.543416
149.891975,2.526572,29.634,0.203,67.240,0.331,49.904,0.194,38.415,5.039,20.067,4.097,0.928,0,254.120672,262.326441
149.920724,2.593683,159.410,0.216,115.080,0.483,92.793,0.378,51.459,5.642,35.891,5.775,0.244,0,255.262025,324.441798
150.016896,2.490691,214.158,0.237,125.973,1.611,90.197,1.345,56.199,5.727,32.870,3.101,null,1,256.097538,129.560749
149.899308,2.569935,268.847,0.225,166.847,2.105,117.890,1.184,74.607,5.882,43.997,5.181,null,1,256.437616,298.451273
149.996034,2.473266,272.735,0.216,300.587,0.706,251.774,0.730,189.051,11.165,78.137,5.884,null,2,256.879639,151.541813
149.892417,2.519597,1188.629,0.212,713.006,10.304,473.613,4.823,288.443,6.636,169.088,8.579,null,0,257.127150,256.724455
150.009820,2.589341,130.304,0.216,262.371,0.635,188.524,0.575,174.082,5.041,807.113,13.839,0.088,0,257.782912,41.846294
150.022755,2.497759,47.783,0.113,71.479,0.187,53.141,0.160,47.935,0.959,300.367,3.831,0.107,0,258.257748,122.211454
149.999262,2.474411,53.659,0.218,99.538,0.262,88.366,0.278,60.608,6.168,80.035,5.888,0.480,0,259.077286,148.849001
149.927232,2.599159,106.944,0.220,137.428,0.558,87.571,0.436,64.524,4.519,40.045,3.706,0.680,0,259.485359,331.193377
149.982885,2.466970,84.328,0.215,132.705,0.421,83.550,0.461,64.976,5.042,44.193,5.897,0.675,0,259.610843,163.181687
150.030382,2.559329,43.480,0.133,72.244,0.493,54.463,0.358,44.776,3.840,30.331,2.124,null,0,259.876060,71.143496
149.930001,2.471256,123.718,0.223,106.935,0.414,88.205,0.326,44.338,5.818,29.826,6.428,0.360,0,259.941461,206.279318
150.023177,2.497114,349.244,0.202,793.004,1.939,574.528,1.270,419.719,11.243,1522.068,32.216,0.156,0,260.784309,122.465280
149.923998,2.597917,50.986,0.216,69.176,0.436,46.387,0.350,42.093,4.496,18.312,2.857,0.630,0,261.465017,328.486492
149.915935,2.479648,62.029,0.219,90.186,0.307,81.125,0.304,26.261,5.618,129.241,8.826,0.262,0,261.923289,219.238709
150.030926,2.559926,39.154,0.130,72.666,0.382,46.565,0.355,36.016,2.687,20.200,2.593,null,0,262.427285,70.838165
149.982609,2.466053,41.150,0.215,52.297,0.284,38.779,0.186,29.384,4.822,14.867,4.287,0.670,0,262.491229,163.597614
149.918696,2.477242,62.678,0.218,55.141,0.229,55.426,0.261,41.271,4.933,102.396,6.716,0.410,0,262.682418,216.364731
150.004503,2.476580,237.727,0.231,142.653,1.456,100.431,0.892,64.549,4.577,35.601,3.114,null,1,262.919714,144.448974
149.935475,2.604228,158.615,0.215,139.760,0.766,116.724,0.365,62.427,6.914,30.038,3.888,0.330,0,263.494694,338.775395
149.889828,2.521830,38.978,0.206,59.886,0.368,36.943,0.220,23.584,5.001,10.176,3.568,0.726,0,264.532763,258.883175
150.025254,2.573520,198.299,0.165,249.149,0.993,237.654,0.688,142.675,6.782,266.520,9.931,0.330,0,264.566569,59.298594
149.933918,2.467871,37.223,0.220,78.797,0.437,61.466,0.361,44.890,4.287,35.415,5.117,0.839,0,265.245439,202.382574
149.911697,2.590101,23.858,0.217,52.079,0.218,38.140,0.225,27.810,5.044,18.238,4.191,0.864,0,265.822213,317.112951
149.976143,2.608574,57.314,0.203,105.805,0.502,74.459,0.319,70.042,4.480,76.977,5.463,0.711,0,266.170676,11.016141
150.034764,2.522161,76.443,0.114,55.644,0.493,47.354,0.249,28.272,4.661,14.840,1.694,0.380,0,266.393316,100.776900
150.033000,2.514437,2215.393,0.129,1052.466,17.170,701.337,7.867,444.001,12.179,257.878,11.421,null,0,266.891079,106.907242
150.031987,2.560796,59.020,0.127,94.810,0.370,66.044,0.362,46.141,2.279,26.255,2.195,null,0,267.063248,70.471607
149.938000,2.606250,213.480,0.212,269.207,0.727,224.003,0.677,143.909,8.867,67.847,6.004,0.342,0,267.221533,341.156278
149.894378,2.505200,409.632,0.233,235.452,2.580,158.101,2.092,101.227,7.036,53.991,4.917,null,0,267.286755,245.492218
149.887530,2.536726,21.928,0.203,51.288,0.191,37.855,0.199,16.256,6.002,14.599,3.987,0.931,0,267.841142,270.560499
149.963602,2.610728,38.447,0.203,65.571,0.303,43.712,0.191,30.358,4.540,31.193,3.873,0.725,0,269.083285,1.227116
150.035069,2.553140,75.005,0.114,180.174,0.843,126.293,0.450,95.882,5.154,45.917,4.155,0.920,0,269.937453,76.784742
150.030043,2.504096,145.674,0.140,214.784,0.982,164.050,0.614,128.840,7.189,688.389,20.024,0.140,0,270.330255,115.140903
149.969995,2.461317,40.769,0.220,107.843,0.388,72.765,0.310,62.263,7.054,24.648,6.150,0.700,0,270.393067,173.895428
149.975690,2.461452,148.821,0.217,189.028,0.522,191.992,0.818,165.992,8.458,284.409,14.107,null,2,272.852580,169.603359
149.945395,2.461747,79.395,0.223,59.661,0.432,49.258,0.375,21.661,4.305,14.774,5.207,0.359,0,273.900099,192.593981
150.025584,2.494115,48.123,0.171,85.593,0.414,77.057,0.286,38.732,5.761,171.581,9.765,0.275,0,273.917482,123.398343
150.031177,2.568745,117.969,0.129,126.521,1.037,118.607,0.581,74.088,4.582,175.137,7.870,0.333,0,275.305789,64.645667
150.002447,2.470565,29.673,0.217,63.449,0.349,47.836,0.210,29.884,4.857,29.344,2.902,0.857,0,276.863734,148.302491
149.963075,2.613115,30.680,0.203,50.177,0.286,35.925,0.236,23.844,3.478,23.567,2.584,0.899,0,277.642671,0.798110
149.923941,2.603164,105.538,0.221,57.445,0.813,41.748,0.256,31.643,5.270,14.007,5.856,null,1,277.843078,330.486995
149.990640,2.464309,48.810,0.215,92.774,0.555,75.447,0.413,67.116,3.013,69.326,5.479,null,2,277.885025,158.241794
149.971518,2.459271,98.706,0.217,65.238,0.195,51.818,0.252,39.575,5.221,12.206,3.234,0.340,0,278.337416,172.935550
149.919085,2.600954,453.415,0.217,617.919,1.736,515.984,1.167,289.847,10.716,414.944,12.498,0.256,0,280.176815,326.574757
149.887474,2.513124,74.560,0.218,111.354,0.665,70.407,0.313,56.633,4.451,26.077,4.782,0.730,0,280.398034,252.922248
149.938459,2.610501,133.656,0.209,158.506,0.578,132.013,0.382,72.865,5.854,33.680,4.707,0.340,0,281.246969,342.481472
149.947088,2.459253,38.030,0.221,64.825,0.349,47.091,0.282,36.460,4.851,11.993,3.986,0.931,0,281.446068,190.985500
150.033011,2.502937,81.070,0.127,90.205,0.527,92.907,0.282,61.775,5.504,171.711,7.305,0.381,0,281.767221,114.986683
150.037436,2.514593,38.865,0.111,66.721,0.378,59.216,0.367,52.386,6.500,31.407,3.322,0.640,0,282.037579,105.855679
149.927823,2.606653,59.939,0.211,132.015,0.711,97.699,0.485,85.722,4.581,40.776,4.968,0.880,0,282.491575,334.208721
149.893719,2.574938,822.478,0.223,472.810,6.125,297.588,2.348,179.184,10.110,110.678,7.713,null,0,282.759215,299.720693
150.010094,2.473765,253.687,0.224,268.230,0.911,216.142,0.648,110.559,7.012,83.773,3.629,0.210,0,283.049034,142.329401
150.026073,2.581937,27.091,0.156,56.392,0.578,51.514,0.480,31.603,3.309,18.195,3.746,1.214,0,283.633253,54.332759
149.882907,2.530611,60.584,0.205,91.934,0.461,60.334,0.308,51.426,5.767,27.699,4.824,0.670,0,285.118995,266.100177
149.917217,2.601399,45.531,0.215,62.938,0.319,50.173,0.244,30.543,6.183,16.392,4.735,0.251,0,285.255509,325.625839
150.007067,2.470779,43.723,0.221,58.790,0.204,48.065,0.216,45.120,5.098,48.812,3.524,0.556,0,285.310535,145.380490
149.993892,2.462945,471.214,0.222,232.850,2.194,150.030,1.670,97.100,6.097,58.479,5.170,null,1,286.922836,156.435848
149.887819,2.565456,98.985,0.223,55.057,0.450,37.175,0.413,12.637,3.693,8.058,5.883,null,1,287.090601,291.678565
149.897543,2.583160,213.603,0.227,100.497,0.858,65.040,0.514,43.760,4.342,14.703,6.197,null,0,287.333945,306.219699
150.038306,2.559744,38.333,0.107,51.364,0.580,29.621,0.244,24.113,3.092,13.866,3.141,0.710,0,287.432782,72.697912
150.034332,2.501891,42.753,0.122,73.002,0.378,47.070,0.212,33.286,3.985,25.874,3.015,0.732,0,287.668483,115.266499
150.038592,2.559420,36.733,0.106,55.450,0.515,42.006,0.254,28.818,1.501,14.746,3.496,0.876,0,288.074278,72.980141
149.941589,2.613527,50.516,0.209,80.526,0.382,62.922,0.318,41.763,5.312,174.931,8.608,0.160,0,288.587797,345.264498
149.927289,2.608582,21.295,0.208,51.119,0.366,40.476,0.362,38.154,3.965,32.552,4.764,0.858,0,289.582426,334.464792
149.914745,2.601328,87.336,0.215,76.787,0.596,74.180,0.371,45.389,4.926,137.129,7.918,0.250,0,290.158282,324.148511
150.041675,2.550401,63.226,0.096,117.194,0.515,84.479,0.444,58.306,3.255,34.397,4.094,null,0,291.200075,79.743109
150.042468,2.526562,18.868,0.093,52.173,0.496,53.471,0.288,34.332,5.130,26.982,3.929,1.230,0,291.388743,96.694407
149.978718,2.456490,167.311,0.213,170.621,0.521,138.651,0.580,74.967,8.832,38.985,7.743,0.270,0,292.483121,168.136447
150.030259,2.491407,48.551,0.138,87.310,0.333,61.003,0.302,55.569,6.470,36.832,4.625,0.703,0,293.324334,123.180345
149.958159,2.617457,42.027,0.202,89.425,0.398,63.128,0.351,42.299,4.485,21.564,4.241,0.920,0,293.570031,357.303414
150.043606,2.539976,28.561,0.091,57.415,0.345,52.648,0.313,42.169,4.542,28.528,3.549,0.301,0,293.842163,87.206208
149.885234,2.507163,99.906,0.234,59.467,0.411,41.891,0.296,21.165,3.961,8.265,3.581,null,1,294.962761,249.394485
149.923688,2.608579,157.607,0.206,129.726,0.802,108.902,0.377,70.398,5.213,31.464,4.575,0.330,0,295.388528,332.197084
150.030249,2.490290,42.249,0.138,72.412,0.722,51.783,0.268,49.133,5.090,38.832,3.309,0.694,0,295.514893,123.836635
149.886454,2.503615,22.303,0.225,50.433,0.232,45.979,0.195,22.863,3.940,14.390,3.399,1.195,0,295.657852,246.777914
149.891757,2.578780,25.457,0.218,59.644,0.385,77.289,0.338,89.563,2.911,128.155,6.799,null,2,295.865012,301.369602
149.898677,2.588578,409.916,0.224,192.008,1.331,126.138,1.514,85.972,8.404,37.247,9.654,null,1,296.126342,309.732714
149.922117,2.608035,72.611,0.207,158.368,0.583,110.319,0.366,76.261,5.580,48.652,6.395,0.886,0,296.350058,331.053856
150.019118,2.595396,87.959,0.218,67.522,0.435,58.893,0.333,35.535,2.837,60.153,4.963,0.320,0,296.511822,43.849866
149.879919,2.527739,47.876,0.204,75.539,0.367,49.346,0.272,44.058,4.369,18.392,4.213,0.665,0,296.698026,264.249233
149.940192,2.615615,123.271,0.208,88.581,0.384,75.477,0.588,49.094,5.382,29.408,3.980,0.327,0,297.150827,344.696434
149.947733,2.617537,784.587,0.211,403.274,5.183,268.914,4.217,176.142,9.653,102.478,8.686,null,0,297.982940,350.085037
149.967699,2.618600,117.667,0.201,118.720,0.556,107.478,0.372,70.513,5.605,106.395,6.293,0.347,0,298.065477,3.942609
150.029173,2.584542,3868.596,0.142,2222.299,25.874,1550.527,20.617,1050.171,37.954,572.843,27.462,null,0,298.160103,54.117628
149.986724,2.615151,1015.520,0.207,587.694,6.929,402.288,3.112,267.335,8.117,147.416,10.046,null,0,298.492791,17.330013
150.044715,2.543934,2254.487,0.092,1353.885,27.790,961.709,17.056,678.912,14.679,376.652,16.600,null,0,298.848614,84.514068
